INSERT INTO bibliographic_record (bib_name, min_num_of_players, max_num_of_players, playtime, min_age, complexity) VALUES ('7 Wonders', 2, 7, 30, 10, 2.32);
INSERT INTO bibliographic_record (bib_name, min_num_of_players, max_num_of_players, playtime, min_age, complexity) VALUES ('Arkham Horror: The Card Game', 1, 2, 90, 14, 3.54);
INSERT INTO bibliographic_record (bib_name, min_num_of_players, max_num_of_players, playtime, min_age, complexity) VALUES ('Battlestar Galactica: The Board Game', 3, 6, 150, 14, 3.25);
INSERT INTO bibliographic_record (bib_name, min_num_of_players, max_num_of_players, playtime, min_age, complexity) VALUES ('Blood Rage', 2, 4, 75, 14, 2.88);
INSERT INTO bibliographic_record (bib_name, min_num_of_players, max_num_of_players, playtime, min_age, complexity) VALUES ('Clans of Caledonia', 1, 4, 75, 12, 3.46);
INSERT INTO bibliographic_record (bib_name, min_num_of_players, max_num_of_players, playtime, min_age, complexity) VALUES ('Nemesis', 1, 5, 135, 12, 3.46);
INSERT INTO bibliographic_record (bib_name, min_num_of_players, max_num_of_players, playtime, min_age, complexity) VALUES ('Pandemic Legacy: Season 2', 2, 4, 60, 14, 3.25);
INSERT INTO bibliographic_record (bib_name, min_num_of_players, max_num_of_players, playtime, min_age, complexity) VALUES ('Puerto Rico', 3, 5, 120, 12, 3.27);
INSERT INTO bibliographic_record (bib_name, min_num_of_players, max_num_of_players, playtime, min_age, complexity) VALUES ('Root', 2, 4, 75, 10, 3.8);
INSERT INTO bibliographic_record (bib_name, min_num_of_players, max_num_of_players, playtime, min_age, complexity) VALUES ('Scythe', 1, 5, 105, 14, 3.45);
INSERT INTO bibliographic_record (bib_name, min_num_of_players, max_num_of_players, playtime, min_age, complexity) VALUES ('Sleeping Gods', 1, 4, 60, 13, 3.24);
INSERT INTO bibliographic_record (bib_name, min_num_of_players, max_num_of_players, playtime, min_age, complexity) VALUES ('Tainted Grail: The Fall of Avalon', 1, 4, 90, 14, 3.35);
INSERT INTO bibliographic_record (bib_name, min_num_of_players, max_num_of_players, playtime, min_age, complexity) VALUES ('Terraforming Mars', 1, 5, 120, 12, 3.26);
INSERT INTO bibliographic_record (bib_name, min_num_of_players, max_num_of_players, playtime, min_age, complexity) VALUES ('War of the Ring: Second Edition', 2, 4, 165, 13, 4.22);

INSERT INTO item_record (item_name, location, available, checkouts, checkout_period, bib_id) VALUES ('7 Wonders', 'main library', true, 0, 14, 1);
INSERT INTO item_record (item_name, location, available, checkouts, checkout_period, bib_id) VALUES ('7 Wonders', 'main library', true, 0, 14, 1);
INSERT INTO item_record (item_name, location, available, checkouts, checkout_period, bib_id) VALUES ('7 Wonders', 'main library', true, 0, 14, 1);
INSERT INTO item_record (item_name, location, available, checkouts, checkout_period, bib_id) VALUES ('Arkham Horror: The Card Game', 'main library', true, 0, 14, 2);
INSERT INTO item_record (item_name, location, available, checkouts, checkout_period, bib_id) VALUES ('Arkham Horror: The Card Game', 'main library', true, 0, 14, 2);
INSERT INTO item_record (item_name, location, available, checkouts, checkout_period, bib_id) VALUES ('Arkham Horror: The Card Game', 'main library', true, 0, 14, 2);
INSERT INTO item_record (item_name, location, available, checkouts, checkout_period, bib_id) VALUES ('Battlestar Galactica: The Board Game', 'main library', true, 0, 14, 3);
INSERT INTO item_record (item_name, location, available, checkouts, checkout_period, bib_id) VALUES ('Battlestar Galactica: The Board Game', 'main library', true, 0, 14, 3);
INSERT INTO item_record (item_name, location, available, checkouts, checkout_period, bib_id) VALUES ('Battlestar Galactica: The Board Game', 'main library', true, 0, 14, 3);
INSERT INTO item_record (item_name, location, available, checkouts, checkout_period, bib_id) VALUES ('Blood Rage', 'main library', true, 0, 14, 4);
INSERT INTO item_record (item_name, location, available, checkouts, checkout_period, bib_id) VALUES ('Blood Rage', 'main library', true, 0, 14, 4);
INSERT INTO item_record (item_name, location, available, checkouts, checkout_period, bib_id) VALUES ('Blood Rage', 'main library', true, 0, 14, 4);
INSERT INTO item_record (item_name, location, available, checkouts, checkout_period, bib_id) VALUES ('Clans of Caledonia', 'main library', true, 0, 14, 5);
INSERT INTO item_record (item_name, location, available, checkouts, checkout_period, bib_id) VALUES ('Clans of Caledonia', 'main library', true, 0, 14, 5);
INSERT INTO item_record (item_name, location, available, checkouts, checkout_period, bib_id) VALUES ('Clans of Caledonia', 'main library', true, 0, 14, 5);
INSERT INTO item_record (item_name, location, available, checkouts, checkout_period, bib_id) VALUES ('Nemesis', 'main library', true, 0, 14, 6);
INSERT INTO item_record (item_name, location, available, checkouts, checkout_period, bib_id) VALUES ('Nemesis', 'main library', true, 0, 14, 6);
INSERT INTO item_record (item_name, location, available, checkouts, checkout_period, bib_id) VALUES ('Nemesis', 'main library', true, 0, 14, 6);
INSERT INTO item_record (item_name, location, available, checkouts, checkout_period, bib_id) VALUES ('Pandemic Legacy: Season 2', 'main library', true, 0, 14, 7);
INSERT INTO item_record (item_name, location, available, checkouts, checkout_period, bib_id) VALUES ('Pandemic Legacy: Season 2', 'main library', true, 0, 14, 7);
INSERT INTO item_record (item_name, location, available, checkouts, checkout_period, bib_id) VALUES ('Pandemic Legacy: Season 2', 'main library', true, 0, 14, 7);
INSERT INTO item_record (item_name, location, available, checkouts, checkout_period, bib_id) VALUES ('Puerto Rico', 'main library', true, 0, 14, 8);
INSERT INTO item_record (item_name, location, available, checkouts, checkout_period, bib_id) VALUES ('Puerto Rico', 'main library', true, 0, 14, 8);
INSERT INTO item_record (item_name, location, available, checkouts, checkout_period, bib_id) VALUES ('Puerto Rico', 'main library', true, 0, 14, 8);
INSERT INTO item_record (item_name, location, available, checkouts, checkout_period, bib_id) VALUES ('Root', 'main library', true, 0, 14, 9);
INSERT INTO item_record (item_name, location, available, checkouts, checkout_period, bib_id) VALUES ('Root', 'main library', true, 0, 14, 9);
INSERT INTO item_record (item_name, location, available, checkouts, checkout_period, bib_id) VALUES ('Root', 'main library', true, 0, 14, 9);
INSERT INTO item_record (item_name, location, available, checkouts, checkout_period, bib_id) VALUES ('Scythe', 'main library', true, 0, 14, 10);
INSERT INTO item_record (item_name, location, available, checkouts, checkout_period, bib_id) VALUES ('Scythe', 'main library', true, 0, 14, 10);
INSERT INTO item_record (item_name, location, available, checkouts, checkout_period, bib_id) VALUES ('Scythe', 'main library', true, 0, 14, 10);
INSERT INTO item_record (item_name, location, available, checkouts, checkout_period, bib_id) VALUES ('Sleeping Gods', 'main library', true, 0, 14, 11);
INSERT INTO item_record (item_name, location, available, checkouts, checkout_period, bib_id) VALUES ('Sleeping Gods', 'main library', true, 0, 14, 11);
INSERT INTO item_record (item_name, location, available, checkouts, checkout_period, bib_id) VALUES ('Sleeping Gods', 'main library', true, 0, 14, 11);
INSERT INTO item_record (item_name, location, available, checkouts, checkout_period, bib_id) VALUES ('Tainted Grail: The Fall of Avalon', 'main library', true, 0, 14, 12);
INSERT INTO item_record (item_name, location, available, checkouts, checkout_period, bib_id) VALUES ('Tainted Grail: The Fall of Avalon', 'main library', true, 0, 14, 12);
INSERT INTO item_record (item_name, location, available, checkouts, checkout_period, bib_id) VALUES ('Tainted Grail: The Fall of Avalon', 'main library', true, 0, 14, 12);
INSERT INTO item_record (item_name, location, available, checkouts, checkout_period, bib_id) VALUES ('Terraforming Mars', 'main library', true, 0, 14, 13);
INSERT INTO item_record (item_name, location, available, checkouts, checkout_period, bib_id) VALUES ('Terraforming Mars', 'main library', true, 0, 14, 13);
INSERT INTO item_record (item_name, location, available, checkouts, checkout_period, bib_id) VALUES ('Terraforming Mars', 'main library', true, 0, 14, 13);
INSERT INTO item_record (item_name, location, available, checkouts, checkout_period, bib_id) VALUES ('War of the Ring: Second Edition', 'main library', true, 0, 14, 14);
INSERT INTO item_record (item_name, location, available, checkouts, checkout_period, bib_id) VALUES ('War of the Ring: Second Edition', 'main library', true, 0, 14, 14);
INSERT INTO item_record (item_name, location, available, checkouts, checkout_period, bib_id) VALUES ('War of the Ring: Second Edition', 'main library', true, 0, 14, 14);

INSERT INTO category (category_name) VALUES ('Abstract Strategy');
INSERT INTO category (category_name) VALUES ('Action / Dexterity');
INSERT INTO category (category_name) VALUES ('Adventure');
INSERT INTO category (category_name) VALUES ('Age of Reason');
INSERT INTO category (category_name) VALUES ('American Civil War');
INSERT INTO category (category_name) VALUES ('American Indian Wars');
INSERT INTO category (category_name) VALUES ('American Revolutionary War');
INSERT INTO category (category_name) VALUES ('American West');
INSERT INTO category (category_name) VALUES ('Ancient');
INSERT INTO category (category_name) VALUES ('Animals');
INSERT INTO category (category_name) VALUES ('Arabian');
INSERT INTO category (category_name) VALUES ('Aviation / Flight');
INSERT INTO category (category_name) VALUES ('Bluffing');
INSERT INTO category (category_name) VALUES ('Book');
INSERT INTO category (category_name) VALUES ('Card Game');
INSERT INTO category (category_name) VALUES ('Children''s Game');
INSERT INTO category (category_name) VALUES ('City Building');
INSERT INTO category (category_name) VALUES ('Civil War');
INSERT INTO category (category_name) VALUES ('Civilization');
INSERT INTO category (category_name) VALUES ('Collectible Components');
INSERT INTO category (category_name) VALUES ('Comic Book / Strip');
INSERT INTO category (category_name) VALUES ('Deduction');
INSERT INTO category (category_name) VALUES ('Dice');
INSERT INTO category (category_name) VALUES ('Economic');
INSERT INTO category (category_name) VALUES ('Educational');
INSERT INTO category (category_name) VALUES ('Electronic');
INSERT INTO category (category_name) VALUES ('Environmental');
INSERT INTO category (category_name) VALUES ('Exploration');
INSERT INTO category (category_name) VALUES ('Fan Expansion');
INSERT INTO category (category_name) VALUES ('Fantasy');
INSERT INTO category (category_name) VALUES ('Farming');
INSERT INTO category (category_name) VALUES ('Fighting');
INSERT INTO category (category_name) VALUES ('Game System');
INSERT INTO category (category_name) VALUES ('Horror');
INSERT INTO category (category_name) VALUES ('Humor');
INSERT INTO category (category_name) VALUES ('Industry / Manufacturing');
INSERT INTO category (category_name) VALUES ('Korean War');
INSERT INTO category (category_name) VALUES ('Mafia');
INSERT INTO category (category_name) VALUES ('Math');
INSERT INTO category (category_name) VALUES ('Mature / Adult');
INSERT INTO category (category_name) VALUES ('Maze');
INSERT INTO category (category_name) VALUES ('Medical');
INSERT INTO category (category_name) VALUES ('Medieval');
INSERT INTO category (category_name) VALUES ('Memory');
INSERT INTO category (category_name) VALUES ('Miniatures');
INSERT INTO category (category_name) VALUES ('Modern Warfare');
INSERT INTO category (category_name) VALUES ('Movies / TV / Radio theme');
INSERT INTO category (category_name) VALUES ('Murder/Mystery');
INSERT INTO category (category_name) VALUES ('Music');
INSERT INTO category (category_name) VALUES ('Mythology');
INSERT INTO category (category_name) VALUES ('Napoleonic');
INSERT INTO category (category_name) VALUES ('Nautical');
INSERT INTO category (category_name) VALUES ('Negotiation');
INSERT INTO category (category_name) VALUES ('Novel-based');
INSERT INTO category (category_name) VALUES ('Number');
INSERT INTO category (category_name) VALUES ('Party Game');
INSERT INTO category (category_name) VALUES ('Pike and Shot');
INSERT INTO category (category_name) VALUES ('Pirates');
INSERT INTO category (category_name) VALUES ('Political');
INSERT INTO category (category_name) VALUES ('Post-Napoleonic');
INSERT INTO category (category_name) VALUES ('Prehistoric');
INSERT INTO category (category_name) VALUES ('Print & Play');
INSERT INTO category (category_name) VALUES ('Puzzle');
INSERT INTO category (category_name) VALUES ('Racing');
INSERT INTO category (category_name) VALUES ('Real-time');
INSERT INTO category (category_name) VALUES ('Religious');
INSERT INTO category (category_name) VALUES ('Renaissance');
INSERT INTO category (category_name) VALUES ('Science Fiction');
INSERT INTO category (category_name) VALUES ('Space Exploration');
INSERT INTO category (category_name) VALUES ('Spies/Secret Agents');
INSERT INTO category (category_name) VALUES ('Sports');
INSERT INTO category (category_name) VALUES ('Territory Building');
INSERT INTO category (category_name) VALUES ('Trains');
INSERT INTO category (category_name) VALUES ('Transportation');
INSERT INTO category (category_name) VALUES ('Travel');
INSERT INTO category (category_name) VALUES ('Trivia');
INSERT INTO category (category_name) VALUES ('Video Game Theme');
INSERT INTO category (category_name) VALUES ('Vietnam War');
INSERT INTO category (category_name) VALUES ('Wargame');
INSERT INTO category (category_name) VALUES ('Word Game');
INSERT INTO category (category_name) VALUES ('World War I');
INSERT INTO category (category_name) VALUES ('World War II');
INSERT INTO category (category_name) VALUES ('Zombies');

INSERT INTO bibliographic_record_category (bib_id, category_id) VALUES (1, 9);
INSERT INTO bibliographic_record_category (bib_id, category_id) VALUES (1, 15);
INSERT INTO bibliographic_record_category (bib_id, category_id) VALUES (1, 17);
INSERT INTO bibliographic_record_category (bib_id, category_id) VALUES (1, 19);
INSERT INTO bibliographic_record_category (bib_id, category_id) VALUES (1, 24);
INSERT INTO bibliographic_record_category (bib_id, category_id) VALUES (2, 3);
INSERT INTO bibliographic_record_category (bib_id, category_id) VALUES (2, 15);
INSERT INTO bibliographic_record_category (bib_id, category_id) VALUES (2, 20);
INSERT INTO bibliographic_record_category (bib_id, category_id) VALUES (2, 28);
INSERT INTO bibliographic_record_category (bib_id, category_id) VALUES (2, 34);
INSERT INTO bibliographic_record_category (bib_id, category_id) VALUES (2, 54);
INSERT INTO bibliographic_record_category (bib_id, category_id) VALUES (3, 13);
INSERT INTO bibliographic_record_category (bib_id, category_id) VALUES (3, 22);
INSERT INTO bibliographic_record_category (bib_id, category_id) VALUES (3, 47);
INSERT INTO bibliographic_record_category (bib_id, category_id) VALUES (3, 59);
INSERT INTO bibliographic_record_category (bib_id, category_id) VALUES (3, 68);
INSERT INTO bibliographic_record_category (bib_id, category_id) VALUES (3, 69);
INSERT INTO bibliographic_record_category (bib_id, category_id) VALUES (3, 70);
INSERT INTO bibliographic_record_category (bib_id, category_id) VALUES (4, 30);
INSERT INTO bibliographic_record_category (bib_id, category_id) VALUES (4, 32);
INSERT INTO bibliographic_record_category (bib_id, category_id) VALUES (4, 45);
INSERT INTO bibliographic_record_category (bib_id, category_id) VALUES (4, 50);
INSERT INTO bibliographic_record_category (bib_id, category_id) VALUES (5, 24);
INSERT INTO bibliographic_record_category (bib_id, category_id) VALUES (5, 31);
INSERT INTO bibliographic_record_category (bib_id, category_id) VALUES (6, 3);
INSERT INTO bibliographic_record_category (bib_id, category_id) VALUES (6, 34);
INSERT INTO bibliographic_record_category (bib_id, category_id) VALUES (6, 45);
INSERT INTO bibliographic_record_category (bib_id, category_id) VALUES (6, 68);
INSERT INTO bibliographic_record_category (bib_id, category_id) VALUES (7, 27);
INSERT INTO bibliographic_record_category (bib_id, category_id) VALUES (7, 42);
INSERT INTO bibliographic_record_category (bib_id, category_id) VALUES (8, 17);
INSERT INTO bibliographic_record_category (bib_id, category_id) VALUES (8, 24);
INSERT INTO bibliographic_record_category (bib_id, category_id) VALUES (8, 31);
INSERT INTO bibliographic_record_category (bib_id, category_id) VALUES (9, 10);
INSERT INTO bibliographic_record_category (bib_id, category_id) VALUES (9, 30);
INSERT INTO bibliographic_record_category (bib_id, category_id) VALUES (9, 53);
INSERT INTO bibliographic_record_category (bib_id, category_id) VALUES (9, 72);
INSERT INTO bibliographic_record_category (bib_id, category_id) VALUES (9, 79);
INSERT INTO bibliographic_record_category (bib_id, category_id) VALUES (10, 24);
INSERT INTO bibliographic_record_category (bib_id, category_id) VALUES (10, 32);
INSERT INTO bibliographic_record_category (bib_id, category_id) VALUES (10, 68);
INSERT INTO bibliographic_record_category (bib_id, category_id) VALUES (10, 72);
INSERT INTO bibliographic_record_category (bib_id, category_id) VALUES (11, 3);
INSERT INTO bibliographic_record_category (bib_id, category_id) VALUES (11, 28);
INSERT INTO bibliographic_record_category (bib_id, category_id) VALUES (11, 30);
INSERT INTO bibliographic_record_category (bib_id, category_id) VALUES (11, 32);
INSERT INTO bibliographic_record_category (bib_id, category_id) VALUES (11, 52);
INSERT INTO bibliographic_record_category (bib_id, category_id) VALUES (12, 3);
INSERT INTO bibliographic_record_category (bib_id, category_id) VALUES (12, 28);
INSERT INTO bibliographic_record_category (bib_id, category_id) VALUES (12, 30);
INSERT INTO bibliographic_record_category (bib_id, category_id) VALUES (12, 40);
INSERT INTO bibliographic_record_category (bib_id, category_id) VALUES (12, 43);
INSERT INTO bibliographic_record_category (bib_id, category_id) VALUES (12, 45);
INSERT INTO bibliographic_record_category (bib_id, category_id) VALUES (12, 50);
INSERT INTO bibliographic_record_category (bib_id, category_id) VALUES (12, 75);
INSERT INTO bibliographic_record_category (bib_id, category_id) VALUES (13, 24);
INSERT INTO bibliographic_record_category (bib_id, category_id) VALUES (13, 27);
INSERT INTO bibliographic_record_category (bib_id, category_id) VALUES (13, 36);
INSERT INTO bibliographic_record_category (bib_id, category_id) VALUES (13, 68);
INSERT INTO bibliographic_record_category (bib_id, category_id) VALUES (13, 69);
INSERT INTO bibliographic_record_category (bib_id, category_id) VALUES (13, 72);
INSERT INTO bibliographic_record_category (bib_id, category_id) VALUES (14, 30);
INSERT INTO bibliographic_record_category (bib_id, category_id) VALUES (14, 32);
INSERT INTO bibliographic_record_category (bib_id, category_id) VALUES (14, 45);
INSERT INTO bibliographic_record_category (bib_id, category_id) VALUES (14, 54);
INSERT INTO bibliographic_record_category (bib_id, category_id) VALUES (14, 72);
INSERT INTO bibliographic_record_category (bib_id, category_id) VALUES (14, 79);

INSERT INTO designer (first_name, last_name) VALUES ('Antoine', 'Bauza');
INSERT INTO designer (first_name, last_name) VALUES ('Nate', 'French');
INSERT INTO designer (first_name, last_name) VALUES ('MJ', 'Newman');
INSERT INTO designer (first_name, last_name) VALUES ('Corey', 'Konieczka');
INSERT INTO designer (first_name, last_name) VALUES ('Eric M.', 'Lang');
INSERT INTO designer (first_name, last_name) VALUES ('Juma', 'Al-JouJou');
INSERT INTO designer (first_name, last_name) VALUES ('Adam', 'Kwapiński');
INSERT INTO designer (first_name, last_name) VALUES ('Rob', 'Daviau');
INSERT INTO designer (first_name, last_name) VALUES ('Matt', 'Leacock');
INSERT INTO designer (first_name, last_name) VALUES ('Andreas', 'Seyfarth');
INSERT INTO designer (first_name, last_name) VALUES ('Cole', 'Wehrle');
INSERT INTO designer (first_name, last_name) VALUES ('Jamey', 'Stegmaier');
INSERT INTO designer (first_name, last_name) VALUES ('Ryan', 'Laukat');
INSERT INTO designer (first_name, last_name) VALUES ('Krzysztof', 'Piskorski');
INSERT INTO designer (first_name, last_name) VALUES ('Marcin', 'Świerkot');
INSERT INTO designer (first_name, last_name) VALUES ('Jacob', 'Fryxelius');
INSERT INTO designer (first_name, last_name) VALUES ('Roberto', 'Di Meglio');
INSERT INTO designer (first_name, last_name) VALUES ('Francesco', 'Nepitello');
INSERT INTO designer (first_name, last_name) VALUES ('Marco', 'Maggi');

INSERT INTO bibliographic_record_designer (bib_id, designer_id) VALUES (1, 1);
INSERT INTO bibliographic_record_designer (bib_id, designer_id) VALUES (2, 2);
INSERT INTO bibliographic_record_designer (bib_id, designer_id) VALUES (2, 3);
INSERT INTO bibliographic_record_designer (bib_id, designer_id) VALUES (3, 4);
INSERT INTO bibliographic_record_designer (bib_id, designer_id) VALUES (4, 5);
INSERT INTO bibliographic_record_designer (bib_id, designer_id) VALUES (5, 6);
INSERT INTO bibliographic_record_designer (bib_id, designer_id) VALUES (6, 7);
INSERT INTO bibliographic_record_designer (bib_id, designer_id) VALUES (7, 8);
INSERT INTO bibliographic_record_designer (bib_id, designer_id) VALUES (7, 9);
INSERT INTO bibliographic_record_designer (bib_id, designer_id) VALUES (8, 10);
INSERT INTO bibliographic_record_designer (bib_id, designer_id) VALUES (9, 11);
INSERT INTO bibliographic_record_designer (bib_id, designer_id) VALUES (10, 12);
INSERT INTO bibliographic_record_designer (bib_id, designer_id) VALUES (11, 13);
INSERT INTO bibliographic_record_designer (bib_id, designer_id) VALUES (12, 14);
INSERT INTO bibliographic_record_designer (bib_id, designer_id) VALUES (12, 15);
INSERT INTO bibliographic_record_designer (bib_id, designer_id) VALUES (13, 16);
INSERT INTO bibliographic_record_designer (bib_id, designer_id) VALUES (14, 17);
INSERT INTO bibliographic_record_designer (bib_id, designer_id) VALUES (14, 18);
INSERT INTO bibliographic_record_designer (bib_id, designer_id) VALUES (14, 19);

INSERT INTO artist (first_name, last_name) VALUES ('Klemens', 'Franz');
INSERT INTO artist (first_name, last_name) VALUES ('John', 'Howe');
INSERT INTO artist (first_name, last_name) VALUES ('Fabio', 'Maiorana');
INSERT INTO artist (first_name, last_name) VALUES ('Isaac', 'Fryxelius');
INSERT INTO artist (first_name, last_name) VALUES ('Daniel', 'Fryxelius');
INSERT INTO artist (first_name, last_name) VALUES ('Piotr','Foksowicz');
INSERT INTO artist (first_name, last_name) VALUES ('Andrzej','Półtoranos');
INSERT INTO artist (first_name, last_name) VALUES ('Michael','Peitsch');
INSERT INTO artist (first_name, last_name) VALUES ('Ewa','Labak');
INSERT INTO artist (first_name, last_name) VALUES ('Patryk','Jędraszek');
INSERT INTO artist (first_name, last_name) VALUES ('Piotr','Gacek');
INSERT INTO artist (first_name, last_name) VALUES ('Ryan','Laukat');
INSERT INTO artist (first_name, last_name) VALUES ('Jakub','Rozalski');
INSERT INTO artist (first_name, last_name) VALUES ('Franz','Vohwinkel');
INSERT INTO artist (first_name, last_name) VALUES ('Chris','Quilliams');
INSERT INTO artist (first_name, last_name) VALUES ('Henning','Ludvigsen');
INSERT INTO artist (first_name, last_name) VALUES ('Adrian','Smith');
INSERT INTO artist (first_name, last_name) VALUES ('Mike','McVey');
INSERT INTO artist (first_name, last_name) VALUES ('Thierry','Masson');
INSERT INTO artist (first_name, last_name) VALUES ('Kevin','Childress');
INSERT INTO artist (first_name, last_name) VALUES ('WiL','Springer');
INSERT INTO artist (first_name, last_name) VALUES ('Brian','Schomburg');
INSERT INTO artist (first_name, last_name) VALUES ('Dimitri','Chappuis');
INSERT INTO artist (first_name, last_name) VALUES ('Cyril','Nouvel');
INSERT INTO artist (first_name, last_name) VALUES ('Etienne','Hebinger');
INSERT INTO artist (first_name, last_name) VALUES ('Miguel','Coimbra');
INSERT INTO artist (first_name, last_name) VALUES ('Christopher','Hosch');
INSERT INTO artist (first_name, last_name) VALUES ('Marcin','Jakubowski');
INSERT INTO artist (first_name, last_name) VALUES ('Ignacio Bazán','Lazcano');
INSERT INTO artist (first_name, last_name) VALUES ('Henning','Ludvigsen');
INSERT INTO artist (first_name, last_name) VALUES ('Mercedes','Opheim');
INSERT INTO artist (first_name, last_name) VALUES ('Zoe','Robinson');
INSERT INTO artist (first_name, last_name) VALUES ('Evan','Simonet');
INSERT INTO artist (first_name, last_name) VALUES ('Kyle','Ferrin');

INSERT INTO bibliographic_record_artist (bib_id, artist_id) VALUES (1,23);
INSERT INTO bibliographic_record_artist (bib_id, artist_id) VALUES (1,24);
INSERT INTO bibliographic_record_artist (bib_id, artist_id) VALUES (1,25);
INSERT INTO bibliographic_record_artist (bib_id, artist_id) VALUES (1,26);
INSERT INTO bibliographic_record_artist (bib_id, artist_id) VALUES (2,27);
INSERT INTO bibliographic_record_artist (bib_id, artist_id) VALUES (2,28);
INSERT INTO bibliographic_record_artist (bib_id, artist_id) VALUES (2,29);
INSERT INTO bibliographic_record_artist (bib_id, artist_id) VALUES (2,30);
INSERT INTO bibliographic_record_artist (bib_id, artist_id) VALUES (2,31);
INSERT INTO bibliographic_record_artist (bib_id, artist_id) VALUES (2,32);
INSERT INTO bibliographic_record_artist (bib_id, artist_id) VALUES (2,33);
INSERT INTO bibliographic_record_artist (bib_id, artist_id) VALUES (3,20);
INSERT INTO bibliographic_record_artist (bib_id, artist_id) VALUES (3,21);
INSERT INTO bibliographic_record_artist (bib_id, artist_id) VALUES (3,22);
INSERT INTO bibliographic_record_artist (bib_id, artist_id) VALUES (4,16);
INSERT INTO bibliographic_record_artist (bib_id, artist_id) VALUES (4,17);
INSERT INTO bibliographic_record_artist (bib_id, artist_id) VALUES (4,18);
INSERT INTO bibliographic_record_artist (bib_id, artist_id) VALUES (4,19);
INSERT INTO bibliographic_record_artist (bib_id, artist_id) VALUES (5,1);
INSERT INTO bibliographic_record_artist (bib_id, artist_id) VALUES (6,7);
INSERT INTO bibliographic_record_artist (bib_id, artist_id) VALUES (6,9);
INSERT INTO bibliographic_record_artist (bib_id, artist_id) VALUES (6,10);
INSERT INTO bibliographic_record_artist (bib_id, artist_id) VALUES (6,11);
INSERT INTO bibliographic_record_artist (bib_id, artist_id) VALUES (7,15);
INSERT INTO bibliographic_record_artist (bib_id, artist_id) VALUES (8,14);
INSERT INTO bibliographic_record_artist (bib_id, artist_id) VALUES (9,34);
INSERT INTO bibliographic_record_artist (bib_id, artist_id) VALUES (10,13);
INSERT INTO bibliographic_record_artist (bib_id, artist_id) VALUES (11,12);
INSERT INTO bibliographic_record_artist (bib_id, artist_id) VALUES (12,6);
INSERT INTO bibliographic_record_artist (bib_id, artist_id) VALUES (12,7);
INSERT INTO bibliographic_record_artist (bib_id, artist_id) VALUES (12,8);
INSERT INTO bibliographic_record_artist (bib_id, artist_id) VALUES (12,9);
INSERT INTO bibliographic_record_artist (bib_id, artist_id) VALUES (12,10);
INSERT INTO bibliographic_record_artist (bib_id, artist_id) VALUES (12,11);
INSERT INTO bibliographic_record_artist (bib_id, artist_id) VALUES (13,4);
INSERT INTO bibliographic_record_artist (bib_id, artist_id) VALUES (13,5);
INSERT INTO bibliographic_record_artist (bib_id, artist_id) VALUES (14,2);
INSERT INTO bibliographic_record_artist (bib_id, artist_id) VALUES (14,3);

INSERT INTO publisher (publisher_name) VALUES ('alea');
INSERT INTO publisher (publisher_name) VALUES ('Ares Games');
INSERT INTO publisher (publisher_name) VALUES ('Awaken Realms');
INSERT INTO publisher (publisher_name) VALUES ('CMON Global Limited');
INSERT INTO publisher (publisher_name) VALUES ('Fantasy Flight Games');
INSERT INTO publisher (publisher_name) VALUES ('FryxGames');
INSERT INTO publisher (publisher_name) VALUES ('Karma Games');
INSERT INTO publisher (publisher_name) VALUES ('Leder Games');
INSERT INTO publisher (publisher_name) VALUES ('Ravensburger');
INSERT INTO publisher (publisher_name) VALUES ('Red Raven Games');
INSERT INTO publisher (publisher_name) VALUES ('Repos Productions');
INSERT INTO publisher (publisher_name) VALUES ('Stonemaier Games');
INSERT INTO publisher (publisher_name) VALUES ('Stronghold Games');
INSERT INTO publisher (publisher_name) VALUES ('Z-Man Games');

INSERT INTO bibliographic_record_publisher (bib_id, publisher_id) VALUES (1, 11);
INSERT INTO bibliographic_record_publisher (bib_id, publisher_id) VALUES (2, 5);
INSERT INTO bibliographic_record_publisher (bib_id, publisher_id) VALUES (3, 5);
INSERT INTO bibliographic_record_publisher (bib_id, publisher_id) VALUES (4, 4);
INSERT INTO bibliographic_record_publisher (bib_id, publisher_id) VALUES (5, 7);
INSERT INTO bibliographic_record_publisher (bib_id, publisher_id) VALUES (6, 3);
INSERT INTO bibliographic_record_publisher (bib_id, publisher_id) VALUES (7, 14);
INSERT INTO bibliographic_record_publisher (bib_id, publisher_id) VALUES (8, 1);
INSERT INTO bibliographic_record_publisher (bib_id, publisher_id) VALUES (8, 9);
INSERT INTO bibliographic_record_publisher (bib_id, publisher_id) VALUES (9, 8);
INSERT INTO bibliographic_record_publisher (bib_id, publisher_id) VALUES (10, 12);
INSERT INTO bibliographic_record_publisher (bib_id, publisher_id) VALUES (11, 10);
INSERT INTO bibliographic_record_publisher (bib_id, publisher_id) VALUES (12, 3);
INSERT INTO bibliographic_record_publisher (bib_id, publisher_id) VALUES (13, 6);
INSERT INTO bibliographic_record_publisher (bib_id, publisher_id) VALUES (13, 13);
INSERT INTO bibliographic_record_publisher (bib_id, publisher_id) VALUES (14, 2);

INSERT INTO borrower (item_limit, first_name, last_name, phone) VALUES (10, 'Quinn', 'Huang', '(987) 616-9588');
INSERT INTO borrower (item_limit, first_name, last_name, phone) VALUES (10, 'Ayaan', 'Wallace', '(667) 406-4238');
INSERT INTO borrower (item_limit, first_name, last_name, phone) VALUES (10, 'Arianna', 'Choi', '(891) 006-9712');
INSERT INTO borrower (item_limit, first_name, last_name, phone) VALUES (10, 'Khari', 'Marks', '(230) 006-9417');
INSERT INTO borrower (item_limit, first_name, last_name, phone) VALUES (10, 'Monica', 'Long', '(298) 445-4096');
INSERT INTO borrower (item_limit, first_name, last_name, phone) VALUES (10, 'Jace', 'Aguilar', '(735) 212-1418');
INSERT INTO borrower (item_limit, first_name, last_name, phone) VALUES (10, 'Josie', 'Guerrero', '(880) 920-0651');
INSERT INTO borrower (item_limit, first_name, last_name, phone) VALUES (10, 'Bryce', 'Atkinson', '(134) 295-9013');
INSERT INTO borrower (item_limit, first_name, last_name, phone) VALUES (10, 'Jazmin', 'Cisneros', '(949) 995-4672');
INSERT INTO borrower (item_limit, first_name, last_name, phone) VALUES (10, 'Alden', 'Maddox', '(512) 694-5727');

INSERT INTO address (street_address, city, state, zip, borrower_id) VALUES ('713 North White Rd.', 'Green Bay', 'WI', 54302, 1);
INSERT INTO address (street_address, city, state, zip, borrower_id) VALUES ('51 Roosevelt St.', 'Bergenfield', 'NJ', 07621, 2);
INSERT INTO address (street_address, city, state, zip, borrower_id) VALUES ('5 Surrey Ave.', 'Mount Prospect', 'IL', 60056, 3);
INSERT INTO address (street_address, city, state, zip, borrower_id) VALUES ('74 Westport Dr.', 'Maryville', 'TN', 37803, 4);
INSERT INTO address (street_address, city, state, zip, borrower_id) VALUES ('714 Newcastle Ave.', 'Cincinnati', 'OH', 45211, 5);
INSERT INTO address (street_address, city, state, zip, borrower_id) VALUES ('71 Atlantic St.', 'West Orange', 'NJ', 07052, 6);
INSERT INTO address (street_address, city, state, zip, borrower_id) VALUES ('9191 Glenridge St.', 'El Paso', 'TX', 79930, 7);
INSERT INTO address (street_address, city, state, zip, borrower_id) VALUES ('43 Ashley Street', 'Piscataway', 'NJ', 08854, 8);
INSERT INTO address (street_address, city, state, zip, borrower_id) VALUES ('9427 Thorne St.', 'Terre Haute', 'IN', 47802, 9);
INSERT INTO address (street_address, city, state, zip, borrower_id) VALUES ('855 Manor Station Court', 'Vienna', 'VA', 22180, 10);